<?xml version="1.0" encoding="UTF-8"?>
<rule>
    <strategy-release>
        <conditions type="gray">
            <condition id="gray-condition" version-id="gray-route=5;stable-route=95"/>
        </conditions>

        <routes>
            <route id="gray-route" type="version">{"gray-release-front":"1.1","gray-release-middle":"1.1", "gray-release-back":"1.1"}</route>
            <route id="stable-route" type="version">{"gray-release-front":"1.0","gray-release-middle":"1.0", "gray-release-back":"1.0"}</route>
        </routes>
    </strategy-release>
</rule>