<?xml version="1.0" encoding="UTF-8"?>
<rule>
    <strategy-release>
        <conditions type="gray">
            <!-- 灰度路由1，条件expression驱动 -->
            <condition id="gray-condition-1" expression="#H['a'] == '1'" version-id="gray-route=10;stable-route=90"/>
            <!-- 灰度路由2，条件expression驱动 -->
            <condition id="gray-condition-2" expression="#H['a'] == '1' and #H['b'] == '2'" version-id="gray-route=50;stable-route=50"/>
            <!-- 兜底路由，无条件expression驱动 -->
            <condition id="basic-condition" version-id="gray-route=0;stable-route=100"/>
        </conditions>

        <routes>
            <route id="gray-route" type="version">{"gray-release-front":"1.1","gray-release-middle":"1.1", "gray-release-back":"1.1"}</route>
            <route id="stable-route" type="version">{"gray-release-front":"1.0","gray-release-middle":"1.0", "gray-release-back":"1.0"}</route>
        </routes>
    </strategy-release>
</rule>